<?xml version="1.0"?>
<LightningComponentBundle xmlns="http://soap.sforce.com/2006/04/metadata">
	<isExposed>true</isExposed>
	<apiVersion>65.0</apiVersion>
	<masterLabel>permissionSetMgr</masterLabel>
	<description>This LWC component is built for App admin Users to give permission to the customer users
Name : permissionSetMgr
Date   : 08022026</description>
	<targets>
		<target>lightning__UtilityBar</target>
		<target>lightning__RecordPage</target>
		<target>lightning__RecordAction</target>
		<target>lightning__Tab</target>
		<target>lightning__HomePage</target>
		<target>lightning__AppPage</target>
	</targets>
</LightningComponentBundle>